exactmw,amw,lipinskiHBA,lipinskiHBD,NumRotatableBonds,NumHBD,NumHBA,NumHeavyAtoms,NumAtoms,NumHeteroatoms,NumAmideBonds,FractionCSP3,NumRings,NumAromaticRings,NumAliphaticRings,NumSaturatedRings,NumHeterocycles,NumAromaticHeterocycles,NumSaturatedHeterocycles,NumAliphaticHeterocycles,NumSpiroAtoms,NumBridgeheadAtoms,NumAtomStereoCenters,NumUnspecifiedAtomStereoCenters,labuteASA,tpsa,CrippenClogP,CrippenMR,chi0v,chi1v,chi2v,chi3v,chi4v,chi0n,chi1n,chi2n,chi3n,chi4n,hallKierAlpha,kappa1,kappa2,kappa3,Phi,logPerm
376.20498762799997,376.4680000000001,4.0,2.0,1.0,2.0,4.0,27.0,56.0,5.0,0.0,0.7272727272727273,4.0,0.0,4.0,3.0,0.0,0.0,0.0,0.0,0.0,0.0,8.0,8.0,159.07755185907868,74.6,2.9233000000000016,98.53260000000004,16.458767254010443,9.972554170122413,8.703149566825617,8.703149566825617,7.183175850174492,16.458767254010443,9.972554170122413,8.703149566825617,8.703149566825617,7.183175850174492,-1.3300000000000003,19.006790236224266,5.383489331764302,1.997480532734116,3.7897352765850085,5.135798437050262
244.089957876,244.265,2.0,1.0,3.0,1.0,1.0,18.0,31.0,3.0,0.0,0.13333333333333333,2.0,2.0,0.0,0.0,0.0,0.0,0.0,0.0,0.0,0.0,1.0,1.0,104.70461492391685,37.3,3.6808000000000023,67.88680000000002,9.929578781679682,5.670131192101321,2.948361326191152,2.948361326191152,1.795097562939458,9.929578781679682,5.670131192101321,2.948361326191152,2.948361326191152,1.795097562939458,-2.1599999999999997,12.300954293871056,5.001422908877978,2.399039500976548,3.417904144801535,5.3471075307174685
243.105942288,243.28099999999998,2.0,2.0,3.0,1.0,1.0,18.0,32.0,3.0,1.0,0.13333333333333333,2.0,2.0,0.0,0.0,0.0,0.0,0.0,0.0,0.0,0.0,1.0,1.0,105.25027186873355,43.09,3.081500000000001,69.44540000000002,10.05971545536935,5.735199528946155,3.004712158880781,3.004712158880781,1.8167870085544024,10.05971545536935,5.735199528946155,3.004712158880781,3.004712158880781,1.8167870085544024,-2.1599999999999997,12.300954293871056,5.001422908877978,2.399039500976548,3.417904144801535,5.393627546352362
92.047344116,92.09399999999998,3.0,3.0,2.0,3.0,3.0,6.0,14.0,3.0,0.0,1.0,0.0,0.0,0.0,0.0,0.0,0.0,0.0,0.0,0.0,0.0,0.0,0.0,35.8518365132108,60.69,-1.6681000000000001,20.178400000000003,3.3332046180625943,1.7071510027085628,0.42149820593270626,0.42149820593270626,0.05773502691896257,3.3332046180625943,1.7071510027085628,0.42149820593270626,0.42149820593270626,0.05773502691896257,-0.12,5.88,3.0849180327868857,2.1377319587628865,3.023219672131148,3.80666248977032
362.2093240599999,362.46600000000007,5.0,3.0,2.0,3.0,5.0,26.0,56.0,5.0,0.0,0.8095238095238095,4.0,0.0,4.0,3.0,0.0,0.0,0.0,0.0,0.0,0.0,7.0,7.0,154.0309111261361,94.83000000000001,1.7815999999999996,95.14240000000004,15.701742962868114,9.957047497308325,8.653266583245498,8.653266583245498,7.281019867932493,15.701742962868114,9.957047497308325,8.653266583245498,8.653266583245498,7.281019867932493,-1.0400000000000003,18.329215372052044,5.727622740292945,2.138229150219643,4.037801183718935,4.442651256490317
206.130679816,206.28499999999997,2.0,1.0,4.0,1.0,1.0,15.0,33.0,2.0,0.0,0.46153846153846156,1.0,1.0,0.0,0.0,0.0,0.0,0.0,0.0,0.0,0.0,1.0,1.0,90.94175377251301,37.3,3.073200000000001,61.03480000000004,9.526670282288125,5.32030090584347,2.4940956097181957,2.4940956097181957,1.556376775771452,9.526670282288125,5.32030090584347,2.4940956097181957,2.4940956097181957,1.556376775771452,-1.31,11.763046018991963,4.964460295417243,3.387630631562938,3.8931449942967644,5.393627546352362
357.0767856719999,357.7930000000002,5.0,1.0,4.0,1.0,4.0,25.0,41.0,6.0,0.0,0.15789473684210525,3.0,3.0,0.0,0.0,1.0,1.0,0.0,0.0,0.0,0.0,0.0,0.0,148.94809374556095,68.53,3.9273200000000026,95.74730000000005,14.501624146933118,7.998502484618467,4.416130011147616,4.416130011147616,3.072992847564243,13.745695200914664,7.62053801160924,4.164153695808131,4.164153695808131,2.9470046898945004,-2.7899999999999996,17.04669994118993,6.607181634243952,3.1046664994872564,4.505225711035902,6.536691597591305
6176.017854643989,6179.372999999968,191.0,116.0,149.0,116.0,191.0,419.0,801.0,191.0,0.0,1.0,38.0,0.0,38.0,38.0,38.0,0.0,38.0,38.0,0.0,0.0,153.0,153.0,2355.0065346295005,3038.930000000003,-83.66679999999921,1244.2358000000036,221.0010386777725,132.41566986317056,83.39713086118027,83.39713086118027,56.906979822564914,221.0010386777725,132.41566986317056,83.39713086118027,83.39713086118027,56.906979822564914,-7.640000000000006,344.58659654641207,135.51169533054153,61.90824772359405,111.44514053982249,1.7047480922384253
328.17869262799996,328.41200000000003,5.0,5.0,8.0,4.0,4.0,24.0,48.0,5.0,1.0,0.3157894736842105,2.0,2.0,0.0,0.0,0.0,0.0,0.0,0.0,0.0,0.0,2.0,2.0,141.6828346113938,95.58,2.1353999999999997,93.81220000000005,13.77484878610931,8.051626342052955,4.039354379873849,4.039354379873849,2.5188609594472697,13.77484878610931,8.051626342052955,4.039354379873849,4.039354379873849,2.5188609594472697,-2.37,17.97570231913846,8.47316831573415,5.077760022698596,6.346297972649702,4.941642422609304
291.18344366,291.391,4.0,2.0,5.0,2.0,4.0,21.0,46.0,4.0,0.0,0.5882352941176471,2.0,1.0,1.0,0.0,0.0,0.0,0.0,0.0,0.0,0.0,1.0,1.0,126.05909848968514,58.56,2.3334000000000006,82.96800000000003,13.108645159118929,7.576296003369678,3.563302834972512,3.563302834972512,2.4492721412328318,13.108645159118929,7.576296003369678,3.563302834972512,3.563302834972512,2.4492721412328318,-1.39,15.988744272516957,6.5824606305476765,4.5451541090236365,5.0116799859875005,5.66988092298052
182.079038168,182.172,6.0,6.0,5.0,6.0,6.0,12.0,26.0,6.0,0.0,1.0,0.0,0.0,0.0,0.0,0.0,0.0,0.0,0.0,0.0,0.0,4.0,4.0,69.32936411298864,121.38000000000001,-3.585399999999998,38.19879999999999,6.406896212131348,3.481747671950046,1.5124781619578975,1.5124781619578975,0.6712088270938985,6.406896212131348,3.481747671950046,1.5124781619578975,1.5124781619578975,0.6712088270938985,-0.24000000000000002,11.760000000000002,5.413461330448892,3.015404674173516,5.305192103839915,3.1780538303479458
236.003782116,236.278,7.0,2.0,1.0,1.0,6.0,14.0,22.0,9.0,1.0,0.4,1.0,1.0,0.0,0.0,1.0,1.0,0.0,0.0,0.0,0.0,0.0,0.0,83.94182492532303,107.40999999999998,-1.4237999999999997,48.702200000000005,9.093225669864268,5.789989020005737,3.493281420905387,3.493281420905387,2.2657851947544163,7.460232508008815,3.4271729611564488,1.18356486853807,1.18356486853807,0.6746614108738259,-1.06,11.017279752704791,3.5940876390455205,2.465112455745208,2.8283620696501983,3.258096538021482
193.993217432,194.24099999999999,6.0,3.0,1.0,2.0,6.0,11.0,17.0,8.0,0.0,0.3333333333333333,1.0,1.0,0.0,0.0,1.0,1.0,0.0,0.0,0.0,0.0,0.0,0.0,66.84044710989073,101.83,-1.3915299999999995,38.3129,7.237763783900446,4.888651279273848,3.182148345067993,3.182148345067993,1.8913767399853776,5.604770622044994,2.52583522042456,0.9529439059197653,0.9529439059197653,0.4520372095270168,-0.7300000000000002,8.36737098344693,2.395055862407914,1.6427212711091828,1.8218473569860405,2.0541237336955462
198.115698448,198.269,2.0,2.0,4.0,2.0,2.0,15.0,29.0,2.0,0.0,0.07692307692307693,2.0,2.0,0.0,0.0,0.0,0.0,0.0,0.0,0.0,0.0,0.0,0.0,89.95316380717372,24.06,3.168100000000001,64.99640000000002,8.480609473082808,5.028473986232466,2.1326031224577795,2.1326031224577795,1.3603262845569548,8.480609473082808,5.028473986232466,2.1326031224577795,2.1326031224577795,1.3603262845569548,-1.9599999999999995,9.589508526716505,5.053886133703632,3.022027960047969,3.2309522781470195,5.521460917862246
267.18344366,267.36899999999997,4.0,2.0,9.0,2.0,4.0,19.0,44.0,4.0,0.0,0.6,1.0,1.0,0.0,0.0,0.0,0.0,0.0,0.0,0.0,0.0,1.0,1.0,115.28706854388427,50.72,1.6131999999999997,76.66250000000004,12.056238916311631,6.736267834766839,2.722324032776904,2.722324032776904,1.5953428232140636,12.056238916311631,6.736267834766839,2.722324032776904,2.722324032776904,1.5953428232140636,-1.1,15.955865921787705,8.908256708575717,7.1546480807002135,7.480997349415789,5.634789603169249
374.019547768,374.93700000000007,6.0,3.0,4.0,2.0,6.0,21.0,40.0,10.0,0.0,0.6363636363636364,2.0,1.0,1.0,0.0,2.0,1.0,0.0,1.0,0.0,0.0,1.0,1.0,135.04955044452734,106.33,1.2814,85.19170000000003,14.962694067739957,10.252072976033668,8.039754506335752,8.039754506335752,6.273584414534922,11.696707744029052,6.236991690864225,3.0884042213717158,3.0884042213717158,2.1029281223040095,-0.19000000000000017,18.85805382027871,6.51102864283484,4.171814881676008,5.846920408188365,3.828641396489095
309.194008344,309.40600000000006,5.0,4.0,5.0,4.0,5.0,22.0,49.0,5.0,0.0,0.6470588235294118,2.0,1.0,1.0,0.0,0.0,0.0,0.0,0.0,0.0,0.0,3.0,3.0,131.4860438940334,81.95,0.6348,85.12110000000003,13.542417816847687,7.788399551893129,3.8157637852440027,3.8157637852440027,2.544673665734675,13.542417816847687,7.788399551893129,3.8157637852440027,3.8157637852440027,2.544673665734675,-1.1400000000000001,17.217594573803684,6.959388449702855,4.678256471765859,5.446542218572541,2.6390573296152584
393.21513771200006,393.4800000000002,7.0,2.0,7.0,2.0,7.0,28.0,59.0,7.0,0.0,0.6190476190476191,2.0,1.0,1.0,0.0,0.0,0.0,0.0,0.0,0.0,0.0,3.0,3.0,165.9074795063291,94.09,1.7763999999999993,104.21550000000006,17.280983787703217,9.559902874117563,4.405053469431562,4.405053469431562,3.1804270118553517,17.280983787703217,9.559902874117563,4.405053469431562,4.405053469431562,3.1804270118553517,-2.12,22.172082979024943,9.38569654016156,6.798871129427487,7.432158660871765,3.871201010907891
265.167793596,265.35299999999995,4.0,2.0,9.0,2.0,4.0,19.0,42.0,4.0,0.0,0.4666666666666667,1.0,1.0,0.0,0.0,0.0,0.0,0.0,0.0,0.0,0.0,1.0,1.0,114.59746551170002,50.72,1.9891,76.77450000000003,11.633589185501258,6.501069944013067,2.3987946023461695,2.3987946023461695,1.4539970405321787,11.633589185501258,6.501069944013067,2.3987946023461695,2.3987946023461695,1.4539970405321787,-1.52,15.537208237986269,8.55914859086795,6.267554887410069,6.999224947167479,5.768320995793772
291.219829168,291.43500000000006,3.0,2.0,6.0,2.0,3.0,21.0,50.0,3.0,0.0,0.6666666666666666,2.0,1.0,1.0,1.0,0.0,0.0,0.0,0.0,0.0,0.0,1.0,1.0,128.26251850403798,41.489999999999995,3.4720000000000026,86.90850000000005,13.562204188220866,8.103570125807071,4.01324921061491,4.01324921061491,2.8549596451120576,13.562204188220866,8.103570125807071,4.01324921061491,4.01324921061491,2.8549596451120576,-1.06,16.312921587033127,7.278263900862018,5.327665664605168,5.65379753830933,5.393627546352362
167.094628656,167.208,3.0,3.0,3.0,3.0,3.0,12.0,25.0,3.0,0.0,0.3333333333333333,1.0,1.0,0.0,0.0,0.0,0.0,0.0,0.0,0.0,0.0,1.0,1.0,71.66455915068686,52.489999999999995,0.6449999999999998,46.99330000000003,6.988285318134594,3.8536497081950087,1.6524573156723987,1.6524573156723987,1.0432662168604954,6.988285318134594,3.8536497081950087,1.6524573156723987,1.6524573156723987,1.0432662168604954,-1.06,9.031407678244971,4.088235211780761,2.2182060707578133,3.0768765735123513,2.2407096892759584
208.121177752,208.26100000000002,4.0,0.0,3.0,0.0,4.0,15.0,31.0,4.0,0.0,0.6363636363636364,2.0,1.0,1.0,1.0,2.0,1.0,1.0,1.0,0.0,0.0,2.0,2.0,89.25895609924737,44.12,1.1618000000000002,55.14200000000003,9.14164519224579,5.3384291332444676,3.1390722435091676,3.1390722435091676,2.155921076212768,9.14164519224579,5.3384291332444676,3.1390722435091676,3.1390722435091676,2.155921076212768,-1.32,10.206397849861533,4.044863499807325,1.88768527180995,2.752232408494458,5.135798437050262
248.15247788,248.32600000000002,4.0,3.0,6.0,3.0,3.0,18.0,38.0,4.0,0.0,0.42857142857142855,2.0,2.0,0.0,0.0,1.0,1.0,0.0,0.0,0.0,0.0,1.0,1.0,106.96952192393705,57.28,1.9055999999999997,72.93920000000003,10.811127332664299,6.269124352448222,2.7479028014485376,2.7479028014485376,1.7990786308584297,10.811127332664299,6.269124352448222,2.7479028014485376,2.7479028014485376,1.7990786308584297,-1.5199999999999998,12.924574773916186,5.887242090843924,3.2439068615073854,4.227227811958831,4.605170185988092
360.193673996,360.45000000000005,5.0,3.0,2.0,3.0,5.0,26.0,54.0,5.0,0.0,0.7142857142857143,4.0,0.0,4.0,3.0,0.0,0.0,0.0,0.0,0.0,0.0,7.0,7.0,153.34130809395188,94.83,1.5575999999999999,95.04840000000003,15.44222993887427,9.660624318644738,8.25270660422696,8.25270660422696,6.919333408949085,15.44222993887427,9.660624318644738,8.25270660422696,8.25270660422696,6.919333408949085,-1.2999999999999998,18.081485487885935,5.599719839148237,2.0792514525694963,3.8942789618379154,3.610917912644224
402.2042386799999,402.48700000000014,6.0,2.0,3.0,2.0,6.0,29.0,59.0,6.0,0.0,0.6956521739130435,4.0,0.0,4.0,3.0,0.0,0.0,0.0,0.0,0.0,0.0,7.0,7.0,170.5520259000997,100.9,2.1284000000000005,104.59560000000005,17.31151292430204,10.541319977686575,8.515626205078537,8.515626205078537,7.075116929622824,17.31151292430204,10.541319977686575,8.515626205078537,8.515626205078537,7.075116929622824,-1.79,20.481470445050814,6.607425415921919,2.789534497869769,4.666544426692496,5.799092654460526
236.15247788,236.315,4.0,2.0,6.0,1.0,4.0,17.0,37.0,4.0,0.0,0.46153846153846156,1.0,1.0,0.0,0.0,0.0,0.0,0.0,0.0,0.0,0.0,0.0,0.0,102.36078961703997,55.56,1.7673999999999999,68.92490000000004,10.478888647122005,5.919862625123017,2.6814843342163033,2.6814843342163033,1.5098109339343555,10.478888647122005,5.919862625123017,2.6814843342163033,2.6814843342163033,1.5098109339343555,-1.55,13.51472491909385,6.909922945262059,4.443998045644615,5.493276930432441,3.737669618283368
314.2245802,314.4690000000001,2.0,0.0,1.0,0.0,2.0,23.0,53.0,2.0,0.0,0.8095238095238095,4.0,0.0,4.0,3.0,0.0,0.0,0.0,0.0,0.0,0.0,6.0,6.0,139.6482098695481,34.14,4.723500000000005,90.88100000000006,14.860102176368239,9.604172488927956,8.452747118529096,8.452747118529096,7.227105087223425,14.860102176368239,9.604172488927956,8.452747118529096,8.452747118529096,7.227105087223425,-0.9200000000000002,15.598585502468657,5.036596433775879,2.056976312427387,3.4158165266818155,5.298317366548037
259.157228912,259.349,3.0,2.0,6.0,2.0,3.0,19.0,40.0,3.0,0.0,0.375,2.0,2.0,0.0,0.0,0.0,0.0,0.0,0.0,0.0,0.0,1.0,1.0,113.76036150292278,41.489999999999995,2.577500000000001,78.58850000000005,11.465827871043551,6.685791019114888,2.9425786417040287,2.9425786417040287,1.9381932675812228,11.465827871043551,6.685791019114888,2.9425786417040287,2.9425786417040287,1.9381932675812228,-1.5799999999999996,13.84252142964087,6.547124220490315,3.9447395719001546,4.769931964455682,5.736572297479192
326.19942807200005,326.4400000000001,4.0,2.0,1.0,2.0,4.0,24.0,50.0,4.0,0.0,0.7,7.0,1.0,6.0,5.0,5.0,0.0,4.0,5.0,1.0,5.0,10.0,10.0,142.61957179820212,46.940000000000005,1.5545,91.73460000000004,14.33837795583499,9.568367603747433,8.462271338859262,8.462271338859262,7.880246259467454,14.33837795583499,9.568367603747433,8.462271338859262,8.462271338859262,7.880246259467454,-1.1,14.109619609203374,4.169324139974981,1.2043241017343258,2.4511490684381663,4.5217885770490405
193.11027872,193.246,3.0,1.0,2.0,1.0,3.0,14.0,29.0,3.0,0.0,0.45454545454545453,2.0,1.0,1.0,0.0,1.0,0.0,0.0,1.0,0.0,0.0,0.0,0.0,84.02723518057257,30.49,1.3495,54.95670000000003,8.59251746286662,4.7996420362876435,2.638600607448023,2.638600607448023,1.9271467230892185,8.59251746286662,4.7996420362876435,2.638600607448023,2.638600607448023,1.9271467230892185,-1.22,9.33948651945037,3.881428910052045,1.437723346427422,2.5893252129740008,6.194405391104672
195.081477128,195.693,1.0,0.0,0.0,0.0,1.0,13.0,27.0,2.0,0.0,0.45454545454545453,2.0,1.0,1.0,0.0,1.0,0.0,0.0,1.0,0.0,0.0,0.0,0.0,84.31338243503582,3.24,2.370400000000001,56.357000000000035,8.641584946842709,5.097739554090316,3.0763685186535303,3.0763685186535303,2.1318879089092753,7.8856560008242536,4.719775081081088,2.7222586217752682,2.7222586217752682,1.8432877108745336,-0.53,9.041866651896015,3.68572552572852,1.8673993216553098,2.563526055317432,6.565264970035361
191.051718288,191.259,3.0,1.0,0.0,1.0,4.0,13.0,22.0,4.0,0.0,0.3333333333333333,3.0,2.0,1.0,0.0,2.0,1.0,0.0,1.0,0.0,0.0,0.0,0.0,79.94112781415544,37.81,1.337,52.82570000000001,7.8951929443304,5.158598955846995,3.1850681768721416,3.1850681768721416,2.4028749702636136,7.078696363402674,4.385202293713021,2.4956405834086755,2.4956405834086755,1.8130427338017479,-1.0,7.408163265306122,2.75,1.0594530321046374,1.567111459968603,6.672032945461067
272.1194635,272.37,5.0,3.0,6.0,3.0,4.0,18.0,38.0,6.0,0.0,0.5,1.0,1.0,0.0,0.0,0.0,0.0,0.0,0.0,0.0,0.0,1.0,1.0,108.2757898177038,78.42999999999999,1.0895,73.00700000000003,11.659663444143577,7.660535890506479,2.9246452560547476,2.9246452560547476,2.0168048928912437,10.84316686321585,5.769124352448223,2.3181521837606334,2.3181521837606334,1.4525697792778982,-1.11,14.94920663114269,6.1727827627007485,5.482865645542789,5.1265669449316285,1.9459101490553128
342.11621152399994,342.297,11.0,8.0,5.0,8.0,11.0,23.0,45.0,11.0,0.0,1.0,2.0,0.0,2.0,2.0,2.0,0.0,2.0,2.0,0.0,0.0,9.0,9.0,130.43645768522256,189.52999999999997,-5.395599999999995,68.64140000000003,12.042576132467905,7.049460184948061,4.070325339078977,4.070325339078977,2.6313159666862105,12.042576132467905,7.049460184948061,4.070325339078977,4.070325339078977,2.6313159666862105,-0.43999999999999995,18.89235232228663,7.207281294562587,3.2268020699807716,5.92010858707402,3.7612001156935615
214.04121318,214.246,5.0,3.0,2.0,2.0,4.0,14.0,24.0,6.0,1.0,0.125,1.0,1.0,0.0,0.0,0.0,0.0,0.0,0.0,0.0,0.0,0.0,0.0,81.97333822136979,89.26,0.09360000000000002,51.85690000000002,8.336241088731308,5.2889113562642525,2.917448212874901,2.917448212874901,1.8857997463396712,7.519744507803583,3.80574810866986,1.4684940281958299,1.4684940281958299,0.8951240792505072,-1.5599999999999998,10.520385852090032,3.6669516894800975,2.461795458009449,2.7555533338788614,2.9444389791664403
172.030648496,172.20899999999997,4.0,4.0,1.0,2.0,3.0,11.0,19.0,5.0,0.0,0.0,1.0,1.0,0.0,0.0,0.0,0.0,0.0,0.0,0.0,0.0,0.0,0.0,64.87196040593747,86.18,-0.08379999999999999,42.2276,6.505343067457071,4.429521556523074,2.1378637859736447,2.1378637859736447,1.1729459846667052,5.688846486529345,2.883202078601512,1.2086325525620767,1.2086325525620767,0.6575061586928511,-1.07,8.030704934541792,2.5192903206703843,1.9239700742334507,1.8392433827046388,1.6094379124341005
197.025897464,197.21899999999997,5.0,3.0,1.0,2.0,3.0,13.0,20.0,6.0,0.0,0.0,2.0,2.0,0.0,0.0,1.0,1.0,0.0,0.0,0.0,0.0,0.0,0.0,74.64254264262078,88.84,0.21029999999999988,47.46690000000001,7.375206393767403,5.094043081571926,2.3694950677005546,2.3694950677005546,1.5419448795514146,6.558709812839677,3.547723603650365,1.6371476514637044,1.6371476514637044,1.0641409786646379,-1.4,8.209725371630133,2.5429404414827146,1.407598391266877,1.605910973921921,3.4011973816621555
204.996427176,205.666,3.0,1.0,2.0,1.0,2.0,12.0,20.0,5.0,0.0,0.14285714285714285,1.0,1.0,0.0,0.0,0.0,0.0,0.0,0.0,0.0,0.0,0.0,0.0,76.41024953679835,46.17,1.2481,47.69750000000002,7.984535948105502,5.11305878595135,3.074869487230305,3.074869487230305,1.5876784517360703,6.41211042115932,3.251931065347729,1.3926677264943805,1.3926677264943805,0.7316002844726813,-0.5800000000000001,9.50756567425569,3.429440078570887,1.9683205834190989,2.7171355644114423,6.476972362889683
190.980777112,191.63899999999998,3.0,2.0,1.0,1.0,2.0,11.0,17.0,5.0,0.0,0.0,1.0,1.0,0.0,0.0,0.0,0.0,0.0,0.0,0.0,0.0,0.0,0.0,69.83533593580641,60.16,0.9874,42.82520000000001,7.061886217295126,4.707793131442101,2.323378169252997,2.323378169252997,1.2657031763063813,5.489460690348945,2.783509180511313,1.1421706205019437,1.1421706205019437,0.6242751926627849,-0.5800000000000001,8.515969289827256,2.808706364466785,2.181172260998148,2.1744415585401367,6.309918278226516
288.208930136,288.43100000000004,2.0,1.0,0.0,1.0,2.0,21.0,49.0,2.0,0.0,0.8421052631578947,4.0,0.0,4.0,3.0,0.0,0.0,0.0,0.0,0.0,0.0,6.0,6.0,127.55103729290713,37.3,3.8792000000000035,82.71680000000005,13.399067481404334,8.869572098848373,7.911977548938119,7.911977548938119,6.531778952076965,13.399067481404334,8.869572098848373,7.911977548938119,7.911977548938119,6.531778952076965,-0.6300000000000001,13.993709230808948,4.439809487732747,1.7756589628303494,2.9585430005485187,6.040254711277414
264.183778008,264.36899999999997,4.0,1.0,8.0,1.0,4.0,19.0,43.0,4.0,0.0,0.5333333333333333,1.0,1.0,0.0,0.0,0.0,0.0,0.0,0.0,0.0,0.0,0.0,0.0,115.3006453324285,41.57,2.617000000000001,78.67620000000005,12.108645159118927,6.789605758901171,2.751713780758142,2.751713780758142,1.5379131400375297,12.108645159118927,6.789605758901171,2.751713780758142,2.751713780758142,1.5379131400375297,-1.55,15.507306590257876,8.534307301090518,6.246200235496293,6.965479992288784,2.70805020110221
312.97618746399996,313.38900000000007,7.0,2.0,2.0,1.0,8.0,19.0,26.0,10.0,0.0,0.0,3.0,3.0,0.0,0.0,2.0,2.0,0.0,0.0,0.0,0.0,0.0,0.0,115.44270041605962,102.71,0.7321,71.7792,11.743687192240083,8.156643470497727,5.178087664735062,5.178087664735062,3.6450302864641806,9.294197449456904,5.020430749514465,2.1523429900791586,2.1523429900791586,1.3623221595460135,-1.62,12.41566601807743,4.488724856473309,2.4241141991451287,2.9331846665797445,4.3694478524670215
346.937215112,347.83400000000006,7.0,2.0,2.0,1.0,8.0,20.0,26.0,11.0,0.0,0.0,3.0,3.0,0.0,0.0,2.0,2.0,0.0,0.0,0.0,0.0,0.0,0.0,125.74596664294128,102.71,1.3854999999999997,76.78920000000001,12.80023034207814,8.634273782534525,5.465191886547912,5.465191886547912,3.872697961386075,9.594811653276505,5.1200965885420375,2.20435010910427,2.20435010910427,1.405461455240279,-1.33,13.643835157913811,4.895664212236049,2.601052941239642,3.3397817750123315,4.867534450455582
346.93721511199993,347.83400000000006,7.0,2.0,2.0,1.0,8.0,20.0,26.0,11.0,0.0,0.0,3.0,3.0,0.0,0.0,2.0,2.0,0.0,0.0,0.0,0.0,0.0,0.0,125.7459666429413,102.71,1.3855000000000004,76.7892,12.80023034207814,8.634273782534526,5.500496582188735,5.500496582188735,3.78411521878965,9.594811653276505,5.1200965885420375,2.2227755921933454,2.2227755921933454,1.3754189342017407,-1.33,13.643835157913811,4.895664212236049,2.601052941239642,3.3397817750123315,4.418840607796598
342.986752148,343.4150000000001,8.0,2.0,3.0,1.0,9.0,21.0,30.0,11.0,0.0,0.1,3.0,3.0,0.0,0.0,2.0,2.0,0.0,0.0,0.0,0.0,0.0,0.0,126.9211877599631,111.93999999999998,0.7406999999999999,78.33120000000001,13.07458521351432,8.67969950871648,5.475215439604677,5.475215439604677,3.8225290541601322,10.625095470731141,5.54348678773322,2.449470764948772,2.449470764948772,1.5398209272419652,-1.8200000000000003,14.13137590382717,5.181650520050941,2.8065851881397745,3.486850061957209,3.80666248977032
342.986752148,343.4150000000001,8.0,2.0,3.0,1.0,9.0,21.0,30.0,11.0,0.0,0.1,3.0,3.0,0.0,0.0,2.0,2.0,0.0,0.0,0.0,0.0,0.0,0.0,126.9211877599631,111.93999999999998,0.7406999999999999,78.33120000000001,13.07458521351432,8.67969950871648,5.494317133062978,5.494317133062978,3.7992571275169675,10.625095470731141,5.54348678773322,2.4685724584070727,2.4685724584070727,1.5165490005988005,-1.8200000000000003,14.13137590382717,5.181650520050941,2.8065851881397745,3.486850061957209,3.951243718581428
328.97110208399994,329.3880000000001,8.0,3.0,2.0,2.0,9.0,20.0,27.0,11.0,0.0,0.0,3.0,3.0,0.0,0.0,2.0,2.0,0.0,0.0,0.0,0.0,0.0,0.0,120.23693416825564,122.94,0.43769999999999937,73.444,12.113550518550415,8.290933870770663,5.271603307679492,5.271603307679492,3.6696685815350296,9.664060775767236,5.154721149787403,2.245858633023589,2.245858633023589,1.3869604546168621,-1.82,13.176433486137155,4.626238008032154,2.428808069248069,3.0478658701937666,1.252762968495368
336.20490737599994,336.4320000000001,6.0,3.0,10.0,3.0,5.0,24.0,52.0,6.0,1.0,0.5555555555555556,1.0,1.0,0.0,0.0,0.0,0.0,0.0,0.0,0.0,0.0,1.0,1.0,143.14125604126278,87.66,2.3655,94.62470000000005,14.887136937585868,8.321366148025241,3.3126242824908747,3.3126242824908747,2.0759200164706675,14.887136937585868,8.321366148025241,3.3126242824908747,3.3126242824908747,2.0759200164706675,-1.9200000000000002,20.125289855072463,10.050998753143157,7.103162169389493,8.428302634999081,2.3978952727983707
221.988132052,222.251,7.0,3.0,2.0,2.0,6.0,13.0,19.0,9.0,1.0,0.25,1.0,1.0,0.0,0.0,1.0,1.0,0.0,0.0,0.0,0.0,0.0,0.0,78.02145102207902,115.04,-0.8561000000000003,45.5859,8.14601207436431,5.395561829005821,3.0815095121098466,3.0815095121098466,1.905360262383568,6.513018912508858,3.0327457701565326,0.9328171861807086,0.9328171861807086,0.5258473654376647,-1.06,10.023752093802344,3.3584989230794076,2.7167362781176934,2.5895969701730865,2.2512917986064958
284.003782116,284.322,7.0,3.0,3.0,2.0,6.0,18.0,26.0,9.0,1.0,0.0,2.0,2.0,0.0,0.0,1.0,1.0,0.0,0.0,0.0,0.0,0.0,0.0,106.71360311374644,115.04,0.43780000000000013,65.67740000000002,10.53276342031244,7.056245431528781,4.054987277953651,4.054987277953651,2.4625592094815336,8.899770258456988,4.693429372679493,1.9062949520245136,1.9062949520245136,1.134077348843614,-1.8399999999999999,12.612616536532622,4.801804059741028,2.884031454103089,3.3646285160599536,1.791759469228055
276.035082244,276.343,7.0,3.0,5.0,2.0,6.0,17.0,29.0,9.0,1.0,0.375,1.0,1.0,0.0,0.0,1.0,1.0,0.0,0.0,0.0,0.0,0.0,0.0,102.79161644748123,115.03999999999999,0.48029999999999995,63.95990000000001,10.767332417923953,6.956222000785643,3.823736627670768,3.823736627670768,2.233566484203585,9.1343392560685,4.593405941936355,1.6750443017416297,1.6750443017416297,0.8839468762249447,-1.3200000000000003,13.743775510204083,5.340871756109851,4.588581631097798,4.317867202633131,1.7227665977411035
236.003782116,236.278,7.0,2.0,2.0,1.0,6.0,14.0,22.0,9.0,1.0,0.4,1.0,1.0,0.0,0.0,1.0,1.0,0.0,0.0,0.0,0.0,0.0,0.0,84.59636462307095,106.25,-0.8317999999999999,50.366200000000006,9.093225669864268,5.789989020005737,3.7081753115728935,3.7081753115728935,2.0155575800260945,7.460232508008816,3.427172961156449,1.398458759205577,1.398458759205577,0.5877331123310492,-1.06,11.017279752704791,3.5940876390455205,2.245519569822063,2.8283620696501983,3.1354942159291497
249.172878976,249.35399999999998,3.0,2.0,8.0,2.0,3.0,18.0,41.0,3.0,0.0,0.4666666666666667,1.0,1.0,0.0,0.0,0.0,0.0,0.0,0.0,0.0,0.0,1.0,1.0,109.48392028219314,41.489999999999995,2.1528000000000005,74.98350000000003,11.225340895037395,6.361824054779596,2.5298071648970755,2.5298071648970755,1.5854168448406398,11.225340895037395,6.361824054779596,2.5298071648970755,2.5298071648970755,1.5854168448406398,-1.3199999999999998,14.739952038369305,7.9012736027296295,5.340871756109851,6.4702441081260105,5.66988092298052
93.057849224,93.12899999999999,1.0,2.0,0.0,1.0,1.0,7.0,14.0,1.0,0.0,0.0,1.0,1.0,0.0,0.0,0.0,0.0,0.0,0.0,0.0,0.0,0.0,0.0,42.77129381650968,26.02,1.2687999999999997,30.854400000000002,3.964101615137755,2.1993587371177723,0.7995724914118484,0.7995724914118484,0.4530389187988476,3.964101615137755,2.1993587371177723,0.7995724914118484,0.7995724914118484,0.4530389187988476,-0.98,4.18611295681063,1.6461962159398054,0.9290591797144502,0.9844519012854642,5.886104031450156
150.07931294,150.18099999999998,3.0,3.0,1.0,2.0,2.0,11.0,21.0,3.0,1.0,0.125,1.0,1.0,0.0,0.0,0.0,0.0,0.0,0.0,0.0,0.0,0.0,0.0,65.21256232895469,55.120000000000005,1.2271999999999998,45.15810000000001,6.294999636411993,3.3141664848726635,1.231052206128349,1.231052206128349,0.7697160447688766,6.294999636411993,3.3141664848726635,1.231052206128349,1.231052206128349,0.7697160447688766,-1.51,7.595374077976819,3.0531381005525,2.292303972882069,2.1081569077654403,3.58351893845611
135.068413908,135.16599999999994,2.0,2.0,1.0,1.0,2.0,10.0,19.0,2.0,0.0,0.125,1.0,1.0,0.0,0.0,0.0,0.0,0.0,0.0,0.0,0.0,0.0,0.0,59.662700145346655,43.09,1.4713999999999998,40.85890000000001,5.794999636411993,3.0641664848726635,1.3172098673155308,1.3172098673155308,0.7178276274499016,5.794999636411993,3.0641664848726635,1.3172098673155308,1.3172098673155308,0.7178276274499016,-1.31,6.805074798619103,2.5185440606017586,1.34501586290279,1.713888071601285,5.768320995793772
136.063662876,136.15399999999997,3.0,4.0,1.0,2.0,2.0,10.0,18.0,3.0,1.0,0.0,1.0,1.0,0.0,0.0,0.0,0.0,0.0,0.0,0.0,0.0,0.0,0.0,58.63764872796277,69.11,0.36770000000000036,39.372299999999996,5.372349905601618,2.852841619467476,1.195201399387384,1.195201399387384,0.6473860056481725,5.372349905601618,2.852841619467476,1.195201399387384,1.195201399387384,0.6473860056481725,-1.51,6.607785630153122,2.389632707443791,1.2539046385226678,1.579018066559098,2.833213344056216
123.068413908,123.15499999999999,2.0,3.0,1.0,2.0,2.0,9.0,18.0,2.0,0.0,0.14285714285714285,1.0,1.0,0.0,0.0,0.0,0.0,0.0,0.0,0.0,0.0,0.0,0.0,53.930469683102295,46.25,0.7611000000000001,36.77719999999999,5.041071722634635,2.7798234962508435,1.162293382086864,1.162293382086864,0.6230466312426283,5.041071722634635,2.7798234962508435,1.162293382086864,1.162293382086864,0.6230466312426283,-1.02,6.105313283208021,2.5060902566656362,1.435851175012691,1.7000517925487675,5.135798437050262
137.084063972,137.18199999999996,2.0,3.0,2.0,2.0,2.0,10.0,21.0,2.0,0.0,0.25,1.0,1.0,0.0,0.0,0.0,0.0,0.0,0.0,0.0,0.0,0.0,0.0,60.2954117974989,46.25,0.8036000000000001,41.644200000000005,5.748178503821183,3.2798234962508435,1.3801977297216108,1.3801977297216108,0.8134034874439295,5.748178503821183,3.2798234962508435,1.3801977297216108,1.3801977297216108,0.8134034874439295,-1.02,7.091358574610246,3.2248465665342856,1.739178486124621,2.2868543351395316,5.298317366548037
127.01887687199999,127.574,1.0,2.0,0.0,1.0,1.0,8.0,14.0,2.0,0.0,0.0,1.0,1.0,0.0,0.0,0.0,0.0,0.0,0.0,0.0,0.0,0.0,0.0,53.07456004339136,26.02,1.9222,35.864399999999996,5.020644764975811,2.6769890491545723,1.1219814088655202,1.1219814088655202,0.5887684822105379,4.264715818957356,2.299024576145345,0.8700050935260352,0.8700050935260352,0.4627803245407954,-0.69,5.446798905608755,2.0526695478915182,1.1380194886479666,1.3975597808789926,5.857933154483459
137.084063972,137.18199999999996,2.0,2.0,2.0,1.0,2.0,10.0,21.0,2.0,0.0,0.25,1.0,1.0,0.0,0.0,0.0,0.0,0.0,0.0,0.0,0.0,0.0,0.0,60.61472327480977,35.25,1.6674999999999998,42.02340000000001,6.00210641759854,3.309948400654024,1.1911039333083204,1.1911039333083204,0.7307193389815059,6.00210641759854,3.309948400654024,1.1911039333083204,1.1911039333083204,0.7307193389815059,-1.1800000000000002,6.933378684807257,3.1068549717952316,1.6534664639645444,2.1541002038232513,5.736572297479192
121.08914935199999,121.18299999999998,1.0,2.0,1.0,1.0,1.0,9.0,20.0,1.0,0.0,0.25,1.0,1.0,0.0,0.0,0.0,0.0,0.0,0.0,0.0,0.0,0.0,0.0,55.50117804530289,26.02,1.8311999999999997,40.232400000000005,5.593858127134677,3.170702511420553,1.3879674867156722,1.3879674867156722,0.7533396362991981,5.593858127134677,3.170702511420553,1.3879674867156722,1.3879674867156722,0.7533396362991981,-0.98,6.144688279301746,2.533930223385564,1.4567376919048354,1.7300234826895255,5.598421958998375
135.104799416,135.20999999999995,1.0,2.0,1.0,1.0,1.0,10.0,23.0,1.0,0.0,0.3333333333333333,1.0,1.0,0.0,0.0,0.0,0.0,0.0,0.0,0.0,0.0,0.0,0.0,61.8661201596995,26.02,2.3922,44.943400000000025,6.464101615137756,3.5534180126147965,1.6031336922528356,1.6031336922528356,0.8809114700306128,6.464101615137756,3.5534180126147965,1.6031336922528356,1.6031336922528356,0.8809114700306128,-0.98,7.130864745011085,2.7355185063164273,1.500749219562955,1.9506612476017193,5.480638923341991
123.068413908,123.15499999999999,2.0,2.0,1.0,1.0,2.0,9.0,18.0,2.0,0.0,0.14285714285714285,1.0,1.0,0.0,0.0,0.0,0.0,0.0,0.0,0.0,0.0,0.0,0.0,54.249781160413164,35.25,1.2773999999999999,37.4064,5.294999636411993,2.722414775336526,1.1158019597397633,1.1158019597397633,0.6039103909378558,5.294999636411993,2.722414775336526,1.1158019597397633,1.1158019597397633,0.6039103909378558,-1.1800000000000002,5.947877237851663,2.3955617406597787,1.3533930115039927,1.5831674610154005,5.857933154483459
107.073499288,107.156,1.0,2.0,0.0,1.0,1.0,8.0,17.0,1.0,0.0,0.14285714285714285,1.0,1.0,0.0,0.0,0.0,0.0,0.0,0.0,0.0,0.0,0.0,0.0,49.13623593090629,26.02,1.5772199999999998,35.59139999999999,4.886751345948129,2.6100423396407315,1.0773502691896262,1.0773502691896262,0.566452912372591,4.886751345948129,2.6100423396407315,1.0773502691896262,1.0773502691896262,0.566452912372591,-0.98,5.162450142450142,1.8646221994975438,0.9971092570832982,1.203252392426474,5.703782474656201
266.163042564,266.34099999999995,5.0,4.0,8.0,3.0,4.0,19.0,41.0,5.0,1.0,0.5,1.0,1.0,0.0,0.0,0.0,0.0,0.0,0.0,0.0,0.0,1.0,1.0,113.30999399703728,84.58,0.4521,73.98090000000002,11.42648240431471,6.385697080128182,2.505817681830794,2.505817681830794,1.5277985474625226,11.42648240431471,6.385697080128182,2.505817681830794,2.505817681830794,1.5277985474625226,-1.5899999999999999,15.467438253877082,7.759435821524982,6.785046519560318,6.3167681291768245,2.3978952727983707
319.97076773599997,320.37700000000007,8.0,3.0,4.0,2.0,7.0,19.0,27.0,11.0,0.0,0.0,2.0,2.0,0.0,0.0,1.0,1.0,0.0,0.0,0.0,0.0,0.0,0.0,112.94791479172116,132.11,-0.013699999999999879,68.5327,11.665756582167893,8.576866157688439,5.557781767669395,5.557781767669395,3.7240535482565336,9.216266839384714,4.730886851244758,1.9250343819915563,1.9250343819915563,1.1395066356652501,-1.56,13.862075936025148,4.845484638620356,3.2574256257592515,3.5351829477578285,1.1939224684724346
307.214743788,307.434,4.0,2.0,11.0,2.0,4.0,22.0,51.0,4.0,0.0,0.6666666666666666,2.0,1.0,1.0,1.0,0.0,0.0,0.0,0.0,0.0,0.0,1.0,1.0,133.37606373354487,50.72,2.393400000000001,88.32950000000005,13.754909529060901,8.341439550289378,3.7130142704943285,3.7130142704943285,2.0999673311112255,13.754909529060901,8.341439550289378,3.7130142704943285,3.7130142704943285,2.0999673311112255,-1.1,17.256956693980523,9.132049947970861,7.25057051519977,7.16324502179092,5.598421958998375
345.19400834399994,345.4390000000001,5.0,2.0,10.0,2.0,5.0,25.0,52.0,5.0,0.0,0.4,2.0,2.0,0.0,0.0,0.0,0.0,0.0,0.0,0.0,0.0,1.0,1.0,149.09276586505857,59.95,2.5842200000000006,98.80050000000007,15.119187745154747,8.412300870431547,3.8502903277803147,3.8502903277803147,2.4940117093696434,15.119187745154747,8.412300870431547,3.8502903277803147,3.8502903277803147,2.4940117093696434,-2.2399999999999993,19.089614891904453,9.91153518747432,6.287554552009863,7.568295588657791,6.29156913955832
299.89864412000003,301.147,7.0,2.0,2.0,1.0,6.0,14.0,19.0,10.0,1.0,0.25,1.0,1.0,0.0,0.0,1.0,1.0,0.0,0.0,0.0,0.0,0.0,0.0,92.30911291195842,106.25,-0.15169999999999995,53.3692,10.057186681988199,6.221085490159458,4.3721084417926726,4.3721084417926726,2.1906630247654135,6.838196981018042,3.1489902166021944,1.0835962043285519,1.0835962043285519,0.5315229304004186,-0.5800000000000001,11.494515648286141,3.8845644213917137,2.4667794700316157,3.1893704663187608,1.4350845252893227
261.172878976,261.36499999999995,3.0,2.0,4.0,2.0,3.0,19.0,42.0,3.0,0.0,0.5,2.0,2.0,0.0,0.0,1.0,1.0,0.0,0.0,0.0,0.0,1.0,1.0,114.17102976628593,45.400000000000006,3.416700000000002,78.30750000000005,12.156426794285046,6.848951372688715,3.179774182245475,3.179774182245475,2.0894872762704884,12.156426794285046,6.848951372688715,3.179774182245475,3.179774182245475,2.0894872762704884,-1.3199999999999998,14.096802314651358,5.352491563366634,3.3657671062744106,3.9712113399799276,6.579251212010101
74.07316494,74.12299999999999,1.0,1.0,2.0,1.0,1.0,5.0,15.0,1.0,0.0,1.0,0.0,0.0,0.0,0.0,0.0,0.0,0.0,0.0,0.0,0.0,0.0,0.0,32.62831112321538,20.23,0.7787999999999999,21.993799999999997,3.5685339390596003,2.0233345472033855,0.5116672736016926,0.5116672736016926,0.15811388300841892,3.5685339390596003,2.0233345472033855,0.5116672736016926,0.5116672736016926,0.15811388300841892,-0.04,4.960000000000001,3.9600000000000004,3.9600000000000004,3.9283200000000007,6.633318433280377
322.012326844,323.13200000000006,7.0,3.0,6.0,3.0,5.0,20.0,32.0,9.0,1.0,0.36363636363636365,1.0,1.0,0.0,0.0,0.0,0.0,0.0,0.0,0.0,0.0,2.0,2.0,123.81547365578696,112.70000000000002,0.9089999999999998,72.5667,11.582731161460758,6.35558754445953,2.9454959812884614,2.9454959812884614,1.621653958965965,10.070873269423847,5.48271598351556,2.5491039297775187,2.5491039297775187,1.4956658012962225,-1.4099999999999997,16.64379236148467,7.392954608862727,4.309031435917423,6.1523400723896176,4.219507705176107
274.95899611199997,275.74199999999996,5.0,2.0,2.0,1.0,5.0,16.0,22.0,8.0,0.0,0.0,2.0,2.0,0.0,0.0,1.0,1.0,0.0,0.0,0.0,0.0,0.0,0.0,100.94054294257968,85.94,1.5059,61.728200000000015,10.181058279686633,6.835734662477357,4.350250542918382,4.350250542918382,2.822210914130635,7.792136171812725,4.094954130618841,1.7541188657514417,1.7541188657514417,1.0682398062469103,-1.02,11.464961646363335,4.095983503072133,2.2181533443735266,2.9350183604286837,5.19295685089021
252.11571551199998,252.347,6.0,3.0,5.0,3.0,4.0,17.0,33.0,7.0,0.0,0.5,1.0,1.0,0.0,0.0,1.0,1.0,0.0,0.0,0.0,0.0,0.0,0.0,104.9255428821442,88.88999999999999,0.5973999999999998,69.59710000000001,10.765056270640732,6.354065601847294,3.0802088940534382,3.0802088940534382,2.0503461820649704,9.948559689713006,5.1993650634680435,2.109848456823776,2.109848456823776,1.1752178591245956,-1.6800000000000002,13.38527415143603,7.570081043458362,4.7817848631942805,5.960447653839948,1.9459101490553128
229.01735264799999,230.09799999999998,3.0,2.0,1.0,2.0,3.0,14.0,23.0,5.0,0.0,0.2222222222222222,2.0,1.0,1.0,0.0,1.0,0.0,0.0,1.0,0.0,0.0,0.0,0.0,92.1219776159971,36.42,2.3645000000000005,60.389400000000016,8.861264803497294,5.021298309244066,2.5102707428628444,2.5102707428628444,1.7092064959239035,7.349406911460385,4.26536936322561,1.8803299545141319,1.8803299545141319,1.2172706962057955,-0.9299999999999997,9.6183800411083,4.067252415616685,1.9375565261202397,2.7943128183226453,6.0867747269123065
303.147058152,303.35800000000006,5.0,0.0,3.0,0.0,5.0,22.0,43.0,5.0,0.0,0.5294117647058824,3.0,1.0,2.0,2.0,2.0,0.0,2.0,2.0,0.0,2.0,4.0,4.0,129.74407240010592,55.84,1.8676999999999997,80.34150000000005,12.897679523621688,7.673077072421276,4.955460524214745,4.955460524214745,3.7668747910979916,12.897679523621688,7.673077072421276,4.955460524214745,4.955460524214745,3.7668747910979916,-1.88,15.032579420487952,6.084896581778482,2.6087203862984762,4.157804142320031,4.110873864173311
346.21440943999994,346.46700000000004,4.0,2.0,2.0,2.0,4.0,25.0,55.0,4.0,0.0,0.8095238095238095,4.0,0.0,4.0,3.0,0.0,0.0,0.0,0.0,0.0,0.0,6.0,6.0,149.2366773739401,74.60000000000001,2.810800000000002,93.75260000000004,15.384285879365077,9.86551527422783,8.718462801628453,8.718462801628453,7.164148903568847,15.384285879365077,9.86551527422783,8.718462801628453,8.718462801628453,7.164148903568847,-1.0000000000000002,17.415637860082306,5.497283950617284,2.130434782608696,3.8295482599197284,5.703782474656201
354.194342692,354.45,5.0,2.0,1.0,2.0,4.0,26.0,52.0,5.0,0.0,0.5714285714285714,5.0,2.0,3.0,2.0,3.0,1.0,1.0,2.0,0.0,0.0,5.0,5.0,152.8781168507647,65.56,2.6471000000000005,98.66050000000006,15.149716881753564,9.764845273747566,7.021976395412427,7.021976395412427,5.803663075090399,15.149716881753564,9.764845273747566,7.021976395412427,7.021976395412427,5.803663075090399,-1.8499999999999999,16.33286330839924,6.1000986211832116,2.3343481805079356,3.832002959520772,4.700480365792417
468.06926133199977,468.3700000000002,11.0,3.0,8.0,3.0,9.0,34.0,50.0,11.0,0.0,0.13043478260869565,4.0,4.0,0.0,0.0,2.0,2.0,0.0,0.0,0.0,0.0,0.0,0.0,188.54205072480937,173.71,2.1144999999999996,115.88340000000008,17.21799309529051,9.783235197775625,4.717016040715445,4.717016040715445,3.2275250129719075,17.21799309529051,9.783235197775625,4.717016040715445,4.717016040715445,3.2275250129719075,-4.64,22.55025609605168,9.077491025743646,4.4502336967350775,6.020580804121472,2.3978952727983707
260.02481971000003,261.08899999999994,4.0,1.0,5.0,1.0,2.0,14.0,29.0,7.0,0.0,1.0,1.0,0.0,1.0,1.0,1.0,0.0,1.0,1.0,0.0,0.0,1.0,1.0,94.44153500749827,41.57,1.884,59.19120000000003,10.322885269288756,7.2445170169565785,4.595188948617404,4.595188948617404,3.920544174917886,7.91660018625193,4.597961710466701,1.956624335279722,1.956624335279722,1.2783103907847326,0.69,12.758073519400952,6.311144001092418,3.36838444118429,5.751288511247382,4.700480365792417
1201.841367992,1202.6349999999982,23.0,5.0,15.0,5.0,12.0,85.0,196.0,23.0,11.0,0.7903225806451613,1.0,0.0,1.0,1.0,1.0,0.0,1.0,1.0,0.0,0.0,12.0,12.0,508.394547098842,278.8,3.2690000000000063,328.4446000000004,56.06519281120048,30.561842569458147,16.07656562220368,16.07656562220368,10.681299011251536,56.06519281120048,30.561842569458147,16.07656562220368,16.07656562220368,10.681299011251536,-6.130000000000001,76.88267909217701,34.871505276546664,21.65558178074552,31.541349995739935,4.700480365792417
330.21949481999997,330.46800000000013,3.0,1.0,2.0,1.0,3.0,24.0,54.0,3.0,0.0,0.8095238095238095,4.0,0.0,4.0,3.0,0.0,0.0,0.0,0.0,0.0,0.0,6.0,6.0,144.4424436217441,54.37,3.6959000000000026,92.29280000000004,15.014422553054745,9.773953645538068,8.50652186126745,8.50652186126745,7.19844630955438,15.014422553054745,9.773953645538068,8.50652186126745,8.50652186126745,7.19844630955438,-0.96,16.50531036972541,5.5204902403673355,2.1262227511659666,3.7965585337626213,5.991464547107982
164.068473484,164.157,5.0,4.0,5.0,4.0,5.0,11.0,23.0,5.0,0.0,0.8333333333333334,0.0,0.0,0.0,0.0,0.0,0.0,0.0,0.0,0.0,0.0,3.0,3.0,63.90241870864038,97.99000000000001,-2.3496,35.78719999999999,5.920717311595294,3.217938233712093,1.3132259412754648,1.3132259412754648,0.6024438866486777,5.920717311595294,3.217938233712093,1.3132259412754648,1.3132259412754648,0.6024438866486777,-0.48999999999999994,10.509999999999998,5.198630971745946,3.427249893131058,4.967055592095443,4.30406509320417
204.099773612,204.22199999999998,5.0,3.0,3.0,3.0,5.0,14.0,30.0,5.0,0.0,1.0,2.0,0.0,2.0,2.0,1.0,0.0,1.0,1.0,0.0,0.0,4.0,0.0,82.25691735154577,79.15,-1.0054999999999998,46.48440000000002,7.873315838121922,4.983342706079205,2.584210596683393,2.584210596683393,1.5728230897447104,7.873315838121922,4.983342706079205,2.584210596683393,2.584210596683393,1.5728230897447104,-0.2,10.32227903579255,4.119526627218935,2.2378251821019775,3.0373502386808005,3.091042453358316
192.099773612,192.21099999999998,5.0,3.0,3.0,3.0,5.0,13.0,29.0,5.0,0.0,1.0,1.0,0.0,1.0,1.0,1.0,0.0,1.0,1.0,0.0,0.0,4.0,4.0,76.89780639067837,79.15,-1.148,44.00340000000001,7.588858787745748,4.426925780537324,2.068161690151098,2.068161690151098,1.3596357941340829,7.588858787745748,4.426925780537324,2.068161690151098,2.068161690151098,1.3596357941340829,-0.2,10.878125,4.876530612244899,2.619434171597633,4.0805776589481955,3.367295829986474
206.115423676,206.23799999999997,5.0,3.0,3.0,3.0,5.0,14.0,32.0,5.0,0.0,1.0,1.0,0.0,1.0,1.0,1.0,0.0,1.0,1.0,0.0,0.0,4.0,4.0,83.26274850507498,79.15,-0.7594999999999996,48.59840000000003,8.459102275748826,4.821546663530732,2.139548638939098,2.139548638939098,1.4576099617339726,8.459102275748826,4.821546663530732,2.139548638939098,2.139548638939098,1.4576099617339726,-0.2,11.872463768115942,5.0426437301946585,2.8961198552310417,4.276328927303793,2.8903717578961645
178.084123548,178.184,5.0,3.0,2.0,3.0,5.0,12.0,26.0,5.0,0.0,1.0,1.0,0.0,1.0,1.0,1.0,0.0,1.0,1.0,0.0,0.0,4.0,4.0,70.53286427628176,79.15,-1.5381000000000002,39.3864,6.8817520065592,3.8393921552198265,1.9784942230743006,1.9784942230743006,1.2181987908029448,6.8817520065592,3.8393921552198265,1.9784942230743006,1.9784942230743006,1.2181987908029448,-0.2,9.884745762711866,4.1549110719436,1.9358024691358027,3.422519967736593,3.828641396489095
392.19990224799994,392.4670000000001,5.0,3.0,2.0,3.0,5.0,28.0,57.0,6.0,0.0,0.7272727272727273,4.0,0.0,4.0,3.0,0.0,0.0,0.0,0.0,0.0,0.0,8.0,8.0,163.8717856112747,94.83000000000001,1.8957,99.94440000000004,16.61308763069695,10.142335326732528,8.79125320497435,8.79125320497435,7.261033170025531,16.61308763069695,10.142335326732528,8.79125320497435,8.79125320497435,7.261033170025531,-1.3700000000000003,19.925309492060308,5.832747547893353,2.0142638085946416,4.150689288601105,3.9120230054281455
434.2104669319999,434.5040000000002,6.0,2.0,3.0,2.0,6.0,31.0,62.0,7.0,0.0,0.7083333333333334,4.0,0.0,4.0,3.0,0.0,0.0,0.0,0.0,0.0,0.0,8.0,8.0,181.08250341742257,100.9,2.466500000000001,109.49160000000006,18.482370616124715,11.023030985774364,9.054172805825917,9.054172805825917,7.417710474036681,18.482370616124715,11.023030985774364,9.054172805825917,9.054172805825917,7.417710474036681,-1.8600000000000003,22.338087551777402,6.817266256275943,2.6525768062982285,4.912409370853863,5.91350300563827
153.078978592,153.18099999999998,3.0,2.0,2.0,1.0,3.0,11.0,22.0,3.0,0.0,0.25,1.0,1.0,0.0,0.0,0.0,0.0,0.0,0.0,0.0,0.0,0.0,0.0,65.72826850431665,44.480000000000004,1.2859999999999998,43.95840000000002,6.62589765768623,3.2514538776989874,1.4368687505074718,1.4368687505074718,0.8394097086617804,6.62589765768623,3.2514538776989874,1.4368687505074718,1.4368687505074718,0.8394097086617804,-1.3800000000000001,7.723950103950104,3.1426679659735632,1.548321646793811,2.2067100511329243,5.799092654460526
292.09066547199996,292.24399999999997,10.0,4.0,11.0,4.0,6.0,20.0,36.0,10.0,0.0,0.6,0.0,0.0,0.0,0.0,0.0,0.0,0.0,0.0,0.0,0.0,0.0,0.0,113.36642080676489,155.68,-2.0711999999999957,63.423200000000016,10.558915421974486,5.522503930401766,2.1679243252553717,2.1679243252553717,1.4760222490365573,10.558915421974486,5.522503930401766,2.1679243252553717,2.1679243252553717,1.4760222490365573,-2.1999999999999997,17.8,8.824913727800691,9.791851516523314,7.854173217742615,3.044522437723423
61.052763844,61.083999999999996,2.0,3.0,1.0,2.0,2.0,4.0,11.0,2.0,0.0,1.0,0.0,0.0,0.0,0.0,0.0,0.0,0.0,0.0,0.0,0.0,0.0,0.0,25.238317591434885,46.25,-1.0626,16.140200000000004,2.4387774270626785,1.2244760564807007,0.12909944487358055,0.12909944487358055,0.0,2.4387774270626785,1.2244760564807007,0.12909944487358055,0.12909944487358055,0.0,-0.08,3.9200000000000004,2.92,1.9199999999999995,2.8616,1.6094379124341005
258.01328418,258.32399999999996,5.0,2.0,3.0,1.0,5.0,16.0,26.0,7.0,0.0,0.2222222222222222,2.0,2.0,0.0,0.0,1.0,1.0,0.0,0.0,0.0,0.0,0.0,0.0,96.91717495031806,82.28,1.3423999999999998,62.16220000000003,10.137956067619777,6.929377616499767,4.232486656880409,4.232486656880409,2.9469438451095096,8.504962905764325,4.56656155765048,1.894677801417226,1.894677801417226,1.2619496672085362,-1.1800000000000002,11.309706415889247,4.003138159763861,2.1564283130931607,2.8296448330732753,6.0867747269123065
213.987069432,214.271,4.0,2.0,1.0,1.0,4.0,13.0,19.0,6.0,0.0,0.0,2.0,2.0,0.0,0.0,1.0,1.0,0.0,0.0,0.0,0.0,0.0,0.0,79.07374549201796,73.05,0.9437,50.993200000000016,8.099951265158992,5.818787952963516,3.8736969650027873,3.8736969650027873,2.6292904354393936,6.46695810330354,3.4559718941142274,1.5176564762494074,1.5176564762494074,0.9727669249379292,-0.98,8.610843343927927,2.7605072450027497,1.553991587637557,1.8284842643459034,5.886104031450156
229.981984052,230.26999999999998,5.0,3.0,1.0,2.0,5.0,14.0,20.0,7.0,0.0,0.0,2.0,2.0,0.0,0.0,1.0,1.0,0.0,0.0,0.0,0.0,0.0,0.0,83.86797924421398,93.28,0.6493,52.65800000000001,8.469814591469325,5.953078353236454,3.9336007977602634,3.9336007977602634,2.7034453346211778,6.836821429613872,3.5902622943871663,1.5957919422970803,1.5957919422970803,1.013859051483199,-1.1800000000000002,9.377927959437129,2.906447653957343,1.5650843922742264,1.946889765477644,4.02535169073515
247.94809708,248.71599999999998,4.0,2.0,1.0,1.0,4.0,14.0,19.0,7.0,0.0,0.0,2.0,2.0,0.0,0.0,1.0,1.0,0.0,0.0,0.0,0.0,0.0,0.0,89.37701171889964,73.05,1.5970999999999997,56.00320000000001,9.156494414997049,6.296418265000316,4.147161130255087,4.147161130255087,2.931614490798699,6.7675723071231415,3.5556377331418005,1.5742551720041664,1.5742551720041664,0.9990101226613743,-0.6900000000000002,9.849516086105751,3.1636186143621092,1.7367537261846413,2.225722316604513,6.063785208687608
281.909124728,283.161,4.0,2.0,1.0,1.0,4.0,15.0,19.0,8.0,0.0,0.0,2.0,2.0,0.0,0.0,1.0,1.0,0.0,0.0,0.0,0.0,0.0,0.0,99.68027794578131,73.05,2.2505,61.013200000000005,10.213037564835105,6.780031641180824,4.465312697921518,4.465312697921518,3.4306458629458514,7.068186510942742,3.66128663631308,1.6369595209609817,1.6369595209609817,1.0585467750809592,-0.4000000000000002,11.09638395792242,3.5678762641284942,2.088677867056245,2.6393683294085064,5.966146739123692
228.997968464,229.286,5.0,4.0,1.0,2.0,5.0,14.0,21.0,7.0,0.0,0.0,2.0,2.0,0.0,0.0,1.0,1.0,0.0,0.0,0.0,0.0,0.0,0.0,84.41363618903068,99.07,0.5259,55.40560000000001,8.599951265158992,6.018146690081288,3.974073854271751,3.974073854271751,2.746686993988678,6.96695810330354,3.655330631232,1.636264998808568,1.636264998808568,1.041763956776195,-1.1800000000000002,9.377927959437129,2.906447653957343,1.5650843922742264,1.946889765477644,4.204692619390966
258.97214764,259.268,7.0,2.0,2.0,1.0,6.0,16.0,21.0,9.0,0.0,0.0,2.0,2.0,0.0,0.0,1.0,1.0,0.0,0.0,0.0,0.0,0.0,0.0,93.72672121451777,116.18999999999998,0.8518999999999997,57.64760000000001,9.28631117239705,6.318226724906565,4.144419308438155,4.144419308438155,2.8170080242356694,7.653318010541598,3.9554106660572765,1.8066104529749722,1.8066104529749722,1.1274217410976906,-1.58,10.921984217104809,3.471397835181618,1.871407936165365,2.3696595229465895,4.189654742026425
274.0081988,274.32300000000004,6.0,3.0,4.0,2.0,6.0,17.0,27.0,8.0,0.0,0.2222222222222222,2.0,2.0,0.0,0.0,1.0,1.0,0.0,0.0,0.0,0.0,0.0,0.0,101.71140870251406,102.51,0.31480000000000014,63.57400000000002,10.292276444306284,7.0384986013300574,4.281498255116495,4.281498255116495,2.9437718550993655,8.659283282450831,4.67568254248077,1.9436893996533133,1.9436893996533133,1.258777677198391,-1.2200000000000002,12.242551905682594,4.570568951893693,2.7219914384465254,3.2914957430623435,2.70805020110221
320.02893424399997,320.39500000000004,5.0,2.0,4.0,1.0,5.0,21.0,33.0,7.0,0.0,0.07142857142857142,3.0,3.0,0.0,0.0,1.0,1.0,0.0,0.0,0.0,0.0,0.0,0.0,125.6093270419855,82.28,2.5227000000000004,81.76720000000003,12.524707413567908,8.486507828429453,5.169809201975862,5.169809201975862,3.5211794611501377,10.891714251712456,6.123691769580166,2.832000346512677,2.832000346512677,1.8361852832491636,-1.9599999999999995,13.997437580418975,5.436661441173344,3.207482123527063,3.6237775794616454,6.152732694704104
271.008533148,271.323,6.0,3.0,2.0,2.0,5.0,17.0,26.0,8.0,1.0,0.1111111111111111,2.0,2.0,0.0,0.0,1.0,1.0,0.0,0.0,0.0,0.0,0.0,0.0,101.51501400446298,102.14999999999999,0.9021000000000001,65.29690000000002,10.430849286433231,6.933595700718407,4.2703861966609065,4.2703861966609065,3.0019993293002165,8.797856124577779,4.570779641869119,1.9325773411977227,1.9325773411977227,1.3061921087328328,-1.5100000000000002,11.960432307137284,4.058379110355049,2.599224052017564,2.8552922721236236,3.8501476017100575
330.96676565199994,331.3790000000001,7.0,2.0,2.0,1.0,8.0,20.0,26.0,11.0,0.0,0.0,3.0,3.0,0.0,0.0,2.0,2.0,0.0,0.0,0.0,0.0,0.0,0.0,119.60823581898588,102.71,0.8712000000000002,71.7372,12.044301396059684,8.256309309525298,5.2300947837601734,5.2300947837601734,3.6881695821584466,9.594811653276505,5.1200965885420375,2.20435010910427,2.20435010910427,1.405461455240279,-1.6900000000000004,13.300336635910009,4.697197864035895,2.4739917940878,3.123715641857743,4.158883083359672
330.96676565199994,331.3790000000001,7.0,2.0,2.0,1.0,8.0,20.0,26.0,11.0,0.0,0.0,3.0,3.0,0.0,0.0,2.0,2.0,0.0,0.0,0.0,0.0,0.0,0.0,119.60823581898588,102.71,0.8712000000000002,71.7372,12.044301396059684,8.256309309525298,5.248520266849249,5.248520266849249,3.6581270611199077,9.594811653276505,5.1200965885420375,2.2227755921933454,2.2227755921933454,1.3754189342017407,-1.6900000000000002,13.300336635910009,4.697197864035895,2.4739917940878,3.123715641857743,3.713572066704308
356.018386624,356.4580000000001,8.0,2.0,3.0,1.0,9.0,22.0,34.0,11.0,0.0,0.18181818181818182,3.0,3.0,0.0,0.0,2.0,2.0,0.0,0.0,0.0,0.0,0.0,0.0,133.93241831505622,105.95,0.7980999999999998,86.10620000000002,14.113550518550415,9.18536106177058,5.788001087173816,5.788001087173816,3.967810978535001,11.664060775767236,6.04914834078732,2.76225641251791,2.76225641251791,1.685102851616834,-1.8200000000000003,15.090210012188171,5.426155605490637,2.8778948490768954,3.7219012566211718,4.060443010546419
316.15691162799993,316.4270000000001,7.0,2.0,6.0,2.0,8.0,21.0,45.0,8.0,0.0,0.8461538461538461,2.0,1.0,1.0,1.0,2.0,1.0,1.0,1.0,0.0,0.0,1.0,1.0,129.13279449954695,79.74000000000001,0.5024999999999997,82.19850000000004,13.650086790628063,7.897119450578478,3.535449742992379,3.535449742992379,2.413376358959236,12.833590209700336,7.166822707238257,3.033390983629014,3.033390983629014,1.89313673304818,-0.9600000000000002,16.411192297127325,7.347621671258034,5.385438987782126,5.742058674931222,4.787491742782046
467.259127764,467.52000000000027,14.0,15.0,6.0,10.0,14.0,32.0,69.0,14.0,0.0,1.0,3.0,0.0,3.0,3.0,2.0,0.0,2.0,2.0,0.0,0.0,14.0,14.0,185.05057667605536,268.16999999999996,-6.295800000000003,108.37100000000002,17.667143378704328,10.759046108083322,6.414988289339925,6.414988289339925,4.428017313305889,17.667143378704328,10.759046108083322,6.414988289339925,6.414988289339925,4.428017313305889,-0.5599999999999999,26.05189361507292,10.793525832364557,5.235544635959526,8.787243334884463,1.6486586255873816
434.2104669319999,434.5040000000002,6.0,2.0,2.0,2.0,6.0,31.0,62.0,7.0,0.0,0.75,5.0,0.0,5.0,4.0,1.0,0.0,1.0,1.0,0.0,0.0,8.0,8.0,181.02869539335646,93.06,2.4188,108.59860000000006,18.48237061612472,11.189452955884233,9.191744754795002,9.191744754795002,7.926171568423003,18.48237061612472,11.189452955884233,9.191744754795002,9.191744754795002,7.926171568423003,-1.4100000000000001,21.43646988654759,6.128734183503365,2.3077668757550227,4.23801373442983,4.787491742782046
337.88686506,339.61300000000006,7.0,2.0,1.0,1.0,6.0,17.0,22.0,12.0,1.0,0.4,1.0,1.0,0.0,0.0,1.0,1.0,0.0,0.0,0.0,0.0,0.0,0.0,114.85162360596806,107.40999999999998,-0.07350000000000023,63.31820000000001,11.994905926947313,7.24082914854726,4.16488167351043,4.16488167351043,2.362479582380187,8.094125927036496,3.7441196706702904,1.370163819781422,1.370163819781422,0.6902262067490831,-0.19000000000000017,14.869488399762046,4.8244561011419265,3.898676940574176,4.21983494300536,4.174387269895637
289.97551668000006,290.24800000000005,7.0,2.0,1.0,1.0,6.0,17.0,22.0,12.0,1.0,0.4,1.0,1.0,0.0,0.0,1.0,1.0,0.0,0.0,0.0,0.0,0.0,0.0,96.43843113410175,107.40999999999998,-0.8814,49.083200000000005,9.727119088891948,6.106935729519578,3.6798803721487388,3.6798803721487388,2.2357064441709094,8.094125927036496,3.7441196706702904,1.370163819781422,1.370163819781422,0.6902262067490831,-1.2700000000000005,13.793572790845518,4.194345956220605,3.340885846451378,3.4032362504186744,3.6635616461296463
18.010564684,18.015,1.0,2.0,0.0,0.0,0.0,1.0,3.0,1.0,0.0,0.0,0.0,0.0,0.0,0.0,0.0,0.0,0.0,0.0,0.0,0.0,0.0,0.0,6.84923118831809,31.5,-0.8247,3.6138,0.5,0.0,0.0,0.0,0.0,0.5,0.0,0.0,0.0,0.0,-0.04,0.9600000000000016,-27.040000000000028,-104.0400000000001,-25.958400000000072,7.313220387090301
181.997240192,182.273,2.0,2.0,1.0,1.0,4.0,11.0,17.0,4.0,0.0,0.0,2.0,2.0,0.0,0.0,1.0,1.0,0.0,0.0,0.0,0.0,0.0,0.0,72.57145713559662,38.91,2.2621,49.664400000000015,7.283454684231266,4.818787952963516,3.0377177315570134,3.0377177315570134,2.211300818716508,5.650461522375814,3.1226385607808944,1.3750794952554368,1.3750794952554368,0.9014784344409439,-0.58,7.089854404814118,2.808706364466785,1.2437905070886506,1.8103017445403895,5.886104031450156
349.109627088,349.4120000000001,7.0,4.0,4.0,3.0,5.0,24.0,43.0,8.0,2.0,0.4375,3.0,1.0,2.0,2.0,2.0,0.0,2.0,2.0,0.0,0.0,4.0,4.0,143.1206585849213,112.73,0.3180999999999994,89.02890000000005,14.117419625679355,8.45486410433092,5.985380645859341,5.985380645859341,4.825598407769133,13.30092304475163,7.575211293076026,4.413850051011858,4.413850051011858,3.200201818159807,-2.0599999999999996,16.785786144559395,5.784053910830547,2.5522148388756962,4.0454121664918326,0.636576829071551
289.167793596,289.375,4.0,1.0,4.0,1.0,4.0,21.0,44.0,4.0,0.0,0.5882352941176471,3.0,1.0,2.0,2.0,2.0,0.0,2.0,2.0,0.0,2.0,3.0,3.0,125.26323882275126,49.769999999999996,1.9309,79.95580000000005,12.442610100567016,7.7695615968301235,5.006836850664758,5.006836850664758,3.705569432943791,12.442610100567016,7.7695615968301235,5.006836850664758,5.006836850664758,3.705569432943791,-1.3899999999999997,14.54322777837141,6.1594002436145106,2.965447272746595,4.265598129573437,1.7298840655099674
435.05185450400006,435.4400000000002,13.0,5.0,7.0,4.0,10.0,28.0,45.0,15.0,2.0,0.46153846153846156,2.0,1.0,1.0,1.0,2.0,1.0,1.0,1.0,0.0,0.0,2.0,2.0,162.59031069995737,201.58,-1.1724999999999979,95.65050000000004,16.444448539824652,9.855612118054722,5.414072402778617,5.414072402778617,3.54351374163482,14.8114553779692,7.578995896792941,3.730567932227123,3.730567932227123,2.1128455580549628,-2.7800000000000002,21.519292322605008,7.325918985638601,4.204134383579708,5.630306863702821,0.0198026272961797
383.064333772,383.5170000000002,8.0,3.0,7.0,2.0,7.0,23.0,44.0,11.0,0.0,0.6666666666666666,2.0,1.0,1.0,0.0,2.0,1.0,0.0,1.0,0.0,0.0,1.0,1.0,140.27015571671328,118.80000000000001,0.08690000000000064,87.36170000000004,15.430274375495658,10.907307039190181,8.488453939447108,8.488453939447108,6.792151241187453,12.98078463271248,7.104427651540253,3.525094696176807,3.525094696176807,2.4852651842917655,-0.5600000000000002,18.77401670374728,7.1317997034379825,3.9241053362428095,5.821414206961938,0.3074846997479607
333.000055344,334.1690000000001,4.0,3.0,4.0,2.0,3.0,20.0,32.0,5.0,0.0,0.06666666666666667,2.0,2.0,0.0,0.0,0.0,0.0,0.0,0.0,0.0,0.0,0.0,0.0,123.90803992368845,80.39,2.8894,79.76870000000004,12.053580123255172,6.675001650959381,3.417802069273682,3.417802069273682,2.149198220882286,10.467583584140467,5.882003381402028,2.889136556235447,2.889136556235447,1.8848654643631682,-2.1399999999999997,14.272932710635605,5.878302341530973,3.0546882493460967,4.195030688672165,1.383791230901772
292.17869262799996,292.37899999999996,5.0,3.0,5.0,3.0,4.0,21.0,45.0,5.0,1.0,0.5625,2.0,1.0,1.0,0.0,1.0,0.0,0.0,1.0,0.0,0.0,1.0,1.0,125.24401855889657,70.59,1.6990999999999998,82.65020000000003,12.901538377932381,7.326296003369678,3.3084305903130966,3.3084305903130966,2.1959862312031637,12.901538377932381,7.326296003369678,3.3084305903130966,3.3084305903130966,2.1959862312031637,-1.5899999999999999,15.792362451661564,6.451508617684691,4.719683636293361,4.851645830975939,0.3576744442718159
295.01668395200005,296.153,3.0,2.0,4.0,2.0,2.0,19.0,30.0,5.0,0.0,0.07142857142857142,2.0,2.0,0.0,0.0,0.0,0.0,0.0,0.0,0.0,0.0,0.0,0.0,120.33053204396538,49.33,4.364100000000001,77.52650000000003,11.371807389533116,6.3400983482420585,3.2114128708653897,3.2114128708653897,2.203167158964943,9.859949497496205,5.584169402223603,2.581472082516677,2.581472082516677,1.7112313592468353,-1.7099999999999995,13.715440199973633,5.9544053534163845,3.397616957868233,4.298278450062384,1.824549292051046
306.10406544399996,306.276,7.0,1.0,5.0,1.0,7.0,22.0,34.0,9.0,0.0,0.23076923076923078,3.0,3.0,0.0,0.0,2.0,2.0,0.0,0.0,0.0,0.0,0.0,0.0,123.41948530867808,81.65,0.7357999999999993,70.29880000000001,11.342089561218641,6.394758573669305,3.212779920106777,3.212779920106777,2.25196541660011,11.342089561218641,6.394758573669305,3.212779920106777,3.212779920106777,2.25196541660011,-2.68,14.265390353023173,5.6024467573223475,2.8375736961451246,3.632776814783281,2.299580583973747
255.089543276,255.273,4.0,1.0,3.0,1.0,3.0,19.0,32.0,4.0,0.0,0.2,3.0,2.0,1.0,0.0,2.0,1.0,0.0,1.0,0.0,0.0,1.0,1.0,109.84378660390799,59.3,2.291,69.30030000000004,10.243939487817746,6.202262214430046,3.579547727414206,3.579547727414206,2.628900898823427,10.243939487817746,6.202262214430046,3.579547727414206,3.579547727414206,2.628900898823427,-2.36,11.71480336716462,4.387759596716938,1.8518175588367969,2.705354784101498,1.249901736214336
420.2213063880001,420.52800000000025,4.0,1.0,4.0,1.0,3.0,31.0,60.0,5.0,0.0,0.46153846153846156,4.0,2.0,2.0,2.0,1.0,0.0,1.0,1.0,0.0,0.0,2.0,2.0,182.85972922689317,64.33000000000001,4.894080000000004,117.05680000000005,17.92845397936469,11.11445565354207,7.749433056917733,7.749433056917733,5.796964288689018,17.92845397936469,11.11445565354207,7.749433056917733,7.749433056917733,5.796964288689018,-2.7099999999999995,21.519337282410824,8.43424242673567,3.742716819883057,5.854816371049808,1.4060969884160703
406.2137578079999,406.54500000000013,8.0,5.0,7.0,5.0,8.0,27.0,61.0,9.0,1.0,0.9444444444444444,2.0,0.0,2.0,2.0,2.0,0.0,2.0,2.0,0.0,0.0,9.0,9.0,164.81641288302475,122.49000000000002,-0.8569999999999969,103.24090000000007,17.301888977271933,10.906616610274956,6.5104164866685945,6.5104164866685945,4.811549881223892,16.485392396344206,9.618715508556196,5.655838794697985,5.655838794697985,4.132293066921218,-0.42000000000000004,22.86480664857352,9.865354994496276,5.144545091390018,8.354423498840609,-0.1053605156578262
324.18377800799993,324.4240000000001,4.0,1.0,4.0,1.0,4.0,24.0,48.0,4.0,0.0,0.45,5.0,2.0,3.0,3.0,4.0,1.0,3.0,3.0,0.0,2.0,5.0,5.0,142.31342620320493,45.59,3.173200000000002,95.02680000000007,14.058925674792738,8.682990361275795,5.8194843766096,5.8194843766096,4.444306034250863,14.058925674792738,8.682990361275795,5.8194843766096,5.8194843766096,4.444306034250863,-1.9099999999999997,15.60801064990268,6.187607918654215,2.5024063339993896,4.024010428824048,2.1610215286722587
253.01889393599998,253.718,5.0,2.0,1.0,2.0,6.0,16.0,24.0,7.0,0.0,0.2222222222222222,3.0,2.0,1.0,0.0,2.0,1.0,0.0,1.0,0.0,0.0,0.0,0.0,100.86221513104597,62.2,1.7157999999999998,66.35240000000002,9.769193177671493,5.9136769769071815,3.152174806970943,3.152174806970943,2.2881069486518095,8.196767650725311,4.805415760557733,2.294634562519513,2.294634562519513,1.5457812834800018,-1.4,9.79973871389171,3.8766446423441536,1.5953329067710489,2.374381536348805,3.850998303590372
349.11504472799993,349.31600000000003,6.0,1.0,5.0,1.0,6.0,25.0,39.0,9.0,0.0,0.25,3.0,3.0,0.0,0.0,2.0,2.0,0.0,0.0,0.0,0.0,2.0,2.0,140.56237734998655,76.72,2.1769000000000003,80.68180000000002,13.143083926730986,7.372743234540689,4.089727485281649,4.089727485281649,2.7241958121180234,13.143083926730986,7.372743234540689,4.089727485281649,4.089727485281649,2.7241958121180234,-2.809999999999999,17.02736630276947,6.5951765875062565,3.2249817480260945,4.491939503476726,3.455685566946225
32.026214748,32.042,1.0,1.0,0.0,1.0,1.0,2.0,6.0,1.0,0.0,1.0,0.0,0.0,0.0,0.0,0.0,0.0,0.0,0.0,0.0,0.0,0.0,0.0,13.533484780025564,20.23,-0.3915,8.1428,1.4472135954999579,0.4472135954999579,0.0,0.0,0.0,1.4472135954999579,0.4472135954999579,0.0,0.0,0.0,-0.04,1.96,0.9600000000000016,-27.040000000000028,0.9408000000000016,6.815651875262375
